{
  "accuracy": 0.8333333333333334,
  "precision": 0.8387096774193549,
  "recall": 0.8387096774193549,
  "f1": 0.8387096774193549
}