{
  "accuracy": 0.7833333333333333,
  "precision": 0.78125,
  "recall": 0.8064516129032258,
  "f1": 0.7936507936507936
}